<?xml version="1.0" encoding="UTF-8" standalone="no"?>
<!DOCTYPE TeklaStructuresModels>
<TeklaStructuresModels>
    <Model>
        <Name>empty_model</Name>
        <Designer> </Designer>
        <Description> </Description>
        <Version>2020</Version>
        <Language>rus</Language>
        <Template></Template>
        <Environment>blank_project</Environment>
        <IsTemplate>FALSE</IsTemplate>
        <XS_PROJECT></XS_PROJECT>
        <XS_FIRM></XS_FIRM>
        <XS_SYSTEM>C:\ProgramData\Trimble\Tekla Structures\2020.0\\environments\blank_project\system\;C:\ProgramData\Trimble\Tekla Structures\2020.0\\environments\common\system\ConstructionManagement\;C:\ProgramData\Trimble\Tekla Structures\2020.0\\environments\common\syste</XS_SYSTEM>
        <ConnectedId></ConnectedId>
    </Model>
</TeklaStructuresModels>
